trajectory_id,x,y
0,11.96,2.05
0,11.88,2.45
0,11.78,2.66
0,11.68,2.9
0,11.57,3.16
0,11.39,3.39
0,11.14,3.77
0,10.86,4.36
0,10.6,5.06
0,10.53,5.29
0,10.47,5.47
0,10.42,5.6
0,10.37,5.73
0,10.36,5.9
0,10.33,6.1
0,10.29,6.32
0,10.24,6.57
0,10.14,6.8
0,10.06,6.95
0,10.02,7.08
0,10.01,7.27
0,9.64,7.16
0,9.44,7.17
0,9.31,7.26
0,9.17,7.39
0,9.06,7.48
0,8.97,7.57
0,8.88,7.64
0,8.71,7.64
0,8.53,7.62
0,8.28,7.55
0,8.1,7.43
0,7.97,7.32
0,7.87,7.25
0,7.79,7.2
0,7.71,7.15
0,7.58,7.1
0,7.5,7.07
0,7.42,7.03
0,7.33,6.96
0,7.23,6.87
0,7.43,6.56
0,7.63,6.19
0,7.86,6.03
0,8.25,5.85
0,8.64,5.45
0,8.88,5.18
0,9.0,5.01
0,9.08,4.66
0,9.1,4.12
0,8.93,3.44
0,8.94,3.28
0,9.02,3.27
0,9.12,3.25
0,9.25,3.22
0,9.41,3.16
0,9.57,3.08
0,9.71,3.0
0,9.87,2.89
0,10.02,2.75
0,10.15,2.61
0,10.2,2.59
0,10.23,2.58
0,10.24,2.58
0,10.25,2.58
0,10.26,2.57
0,10.26,2.57
0,10.27,2.57
0,10.28,2.55
0,10.31,2.48
0,10.32,2.48
0,10.33,2.48
0,10.33,2.48
0,10.34,2.47
0,10.35,2.47
0,10.37,2.47
0,10.4,2.48
0,10.54,2.5
0,10.81,2.52
0,10.95,2.52
0,11.09,2.48
0,11.23,2.43
0,11.42,2.34
0,11.78,2.1
0,11.93,2.04
0,11.94,2.04
0,11.95,2.04
0,11.95,2.05
0,11.95,2.05
0,11.95,2.05
0,11.95,2.05
0,11.96,2.05
0,11.96,2.05
0,11.96,2.05
0,11.96,2.05
0,11.96,2.05
0,11.96,2.05
0,11.96,2.05
0,11.96,2.05
0,11.96,2.05
0,11.96,2.05
0,11.6,2.72
0,11.3,3.52
0,11.04,3.88
0,10.68,4.32
0,10.31,5.05
0,10.18,6.02
0,10.36,6.93
0,10.38,7.93
0,10.3,8.9
0,10.38,9.65
0,10.67,10.28
0,10.65,10.59
0,10.62,10.62
0,10.61,10.68
0,10.59,10.75
0,10.58,10.86
0,10.55,11.06
0,10.45,11.43
0,10.3,12.04
0,10.39,12.38
0,10.58,11.44
0,10.63,10.46
0,10.45,9.63
0,10.12,8.82
0,10.03,8.54
0,9.95,8.51
0,9.8,8.45
0,9.62,8.29
0,9.43,7.92
0,9.42,7.41
0,9.68,6.51
0,9.69,5.51
0,9.69,4.51
0,9.69,3.51
0,9.94,2.85
0,10.28,2.57
0,10.29,2.57
0,10.29,2.57
0,10.29,2.57
0,10.29,2.57
0,10.29,2.57
0,10.29,2.57
0,10.29,2.57
0,10.29,2.57
0,10.29,2.57
0,10.29,2.57
0,10.29,2.57
0,10.29,2.57
0,10.29,2.57
0,10.29,2.57
0,10.29,2.57
0,10.3,2.54
0,10.39,2.48
0,10.5,2.5
0,10.71,2.53
0,10.83,2.55
0,10.94,2.52
0,11.08,2.48
0,11.28,2.4
0,11.63,2.21
0,11.7,2.24
0,11.89,2.11
0,11.93,2.1
0,11.94,2.1
0,11.95,2.1
0,11.97,2.1
0,11.98,2.1
0,11.99,2.1
0,12.01,2.11
0,12.03,2.11
0,12.04,2.12
0,12.05,2.12
0,12.06,2.13
0,12.07,2.13
0,12.07,2.13
0,12.08,2.13
0,12.08,2.14
0,12.08,2.14
0,12.09,2.14
0,12.09,2.14
0,11.97,2.05
0,11.96,2.05
0,11.96,2.05
0,11.96,2.05
0,11.96,2.05
0,11.96,2.05
0,11.96,2.05
0,11.96,2.05
0,11.96,2.05
0,11.96,2.05
0,11.96,2.05
0,11.96,2.05
0,11.96,2.05
0,11.96,2.05
0,11.96,2.05
0,11.96,2.05
0,11.96,2.05
0,11.96,2.05
0,11.96,2.05
0,11.96,2.05
0,11.24,2.52
0,10.27,2.67
0,9.63,3.1
0,8.73,3.39
0,8.22,3.8
0,7.57,4.2
0,7.37,4.24
0,7.28,4.26
0,7.21,4.26
0,7.17,4.27
0,7.16,4.28
0,7.14,4.29
0,7.13,4.3
0,7.12,4.31
0,7.12,4.31
0,7.11,4.32
0,7.1,4.33
0,7.1,4.33
0,7.09,4.33
0,7.08,4.34
0,7.3,4.22
0,7.55,4.16
0,7.93,3.99
0,8.42,3.59
0,8.69,3.3
0,8.7,3.3
0,8.71,3.3
0,8.73,3.3
0,8.77,3.29
0,8.82,3.29
0,8.91,3.28
0,9.07,3.26
0,9.32,3.19
0,9.7,3.02
0,10.2,2.61
0,10.29,2.57
0,10.29,2.57
0,10.29,2.57
0,10.29,2.57
0,10.29,2.57
0,9.69,3.07
0,8.8,3.38
0,8.26,3.76
0,7.61,4.19
0,7.36,4.25
0,7.21,4.27
0,7.14,4.29
0,7.12,4.31
0,7.11,4.32
0,7.09,4.33
0,7.08,4.34
0,7.07,4.35
0,7.07,4.35
0,7.06,4.36
0,7.06,4.37
0,7.05,4.38
0,7.04,4.41
0,7.03,4.43
0,7.02,4.44
0,7.02,4.45
0,7.27,4.23
0,7.5,4.17
0,7.86,4.03
0,8.35,3.67
0,8.69,3.3
0,8.7,3.3
0,8.71,3.3
0,8.73,3.3
0,8.76,3.29
0,8.81,3.29
0,8.9,3.29
0,9.04,3.27
0,9.27,3.21
0,9.63,3.06
0,10.12,2.69
0,10.29,2.57
0,10.29,2.57
0,10.29,2.57
0,10.29,2.57
0,10.29,2.57
0,10.29,2.57
0,10.29,2.57
0,10.29,2.57
0,10.29,2.57
0,10.29,2.57
0,10.29,2.57
0,10.29,2.57
0,10.29,2.57
0,10.29,2.57
0,10.29,2.57
0,10.29,2.57
0,10.29,2.57
0,10.29,2.57
0,10.29,2.57
0,10.29,2.57
0,10.29,2.57
0,10.29,2.57
0,10.29,2.57
0,10.29,2.57
0,10.29,2.57
0,10.23,3.5
0,9.83,4.01
0,9.47,4.82
0,9.41,5.81
0,9.36,6.34
0,9.42,6.75
0,9.43,6.99
0,9.44,7.23
0,9.46,7.5
0,9.5,7.79
0,9.58,8.14
0,9.52,8.52
0,9.48,8.94
0,9.52,9.22
0,9.61,9.5
0,9.76,9.8
0,10.05,10.18
0,10.15,10.37
0,10.13,10.55
0,10.12,10.73
0,9.63,10.36
0,9.15,10.03
0,8.91,9.91
0,8.73,9.81
0,8.61,9.72
0,8.49,9.58
0,8.38,9.33
0,8.23,8.96
0,8.01,8.62
0,7.78,8.42
0,7.67,8.28
0,7.58,8.18
0,7.51,8.13
0,7.44,8.07
0,7.35,8.02
0,7.24,7.97
0,7.1,7.92
0,6.91,7.87
0,6.62,7.76
0,6.37,7.68
0,6.3,7.74
0,6.25,7.8
0,6.21,7.84
0,6.17,7.88
0,6.14,7.91
0,6.11,7.94
0,6.08,7.99
0,6.03,8.05
0,5.98,8.1
0,5.92,8.16
0,5.83,8.22
0,5.73,8.26
0,5.71,8.31
0,5.72,8.32
0,5.72,8.32
0,5.73,8.32
0,5.74,8.31
0,5.75,8.3
0,5.77,8.29
0,5.77,8.27
0,6.18,7.95
0,6.64,7.61
0,6.95,7.25
0,7.16,6.79
0,7.3,6.55
0,7.34,6.31
0,7.34,6.16
0,7.35,6.14
0,7.35,6.13
0,7.35,6.12
0,7.33,6.09
0,7.3,6.0
0,7.2,5.78
0,6.98,5.32
0,6.8,4.77
0,6.97,4.52
0,7.1,4.31
0,7.14,4.28
0,7.15,4.27
0,7.16,4.27
0,7.17,4.26
0,7.17,4.26
0,7.17,4.26
0,7.18,4.26
0,7.18,4.26
0,7.18,4.25
0,7.18,4.25
0,7.18,4.25
0,7.18,4.25
0,7.18,4.25
0,7.19,4.25
0,7.23,4.23
0,7.23,4.24
0,7.22,4.24
0,7.21,4.24
0,7.2,4.25
0,7.2,4.25
0,7.2,4.25
0,7.2,4.25
0,7.2,4.25
0,7.2,4.25
0,7.2,4.25
0,7.2,4.25
0,7.19,4.25
0,7.19,4.25
0,7.19,4.25
0,7.18,4.25
0,7.18,4.25
0,7.18,4.26
0,7.17,4.26
0,7.17,4.26
0,7.17,4.26
0,7.17,4.26
0,7.17,4.26
0,7.18,4.26
0,7.18,4.26
0,7.18,4.25
0,7.18,4.25
0,7.18,4.25
0,7.18,4.25
0,7.17,4.26
0,7.17,4.26
0,7.17,4.26
0,7.17,4.26
0,7.17,4.26
0,7.18,4.26
0,7.18,4.25
0,7.18,4.25
0,7.19,4.25
0,7.19,4.25
0,7.19,4.25
0,7.19,4.25
0,7.19,4.25
0,7.19,4.25
0,7.2,4.25
0,7.2,4.24
0,7.2,4.24
0,7.21,4.24
0,7.21,4.24
0,7.22,4.24
0,7.04,4.39
0,7.04,4.41
0,7.1,4.33
0,7.13,4.3
0,7.14,4.29
0,7.15,4.29
0,7.16,4.28
0,7.16,4.28
0,7.17,4.27
0,7.16,4.26
0,7.16,4.26
0,7.16,4.26
0,7.16,4.26
0,7.16,4.25
0,7.15,4.25
0,7.14,4.25
0,7.14,4.25
0,7.15,4.25
0,7.16,4.25
0,7.17,4.25
0,7.29,4.19
0,7.3,4.2
0,7.31,4.21
0,7.33,4.21
0,7.35,4.21
0,7.38,4.2
0,7.41,4.2
0,7.44,4.19
0,7.48,4.18
0,7.52,4.17
0,7.55,4.15
0,7.58,4.13
0,7.6,4.12
0,7.6,4.11
0,7.6,4.1
0,7.61,4.1
0,7.61,4.1
0,7.61,4.1
0,7.61,4.11
0,7.6,4.11
0,7.63,4.11
0,7.67,4.1
0,7.72,4.08
0,7.78,4.05
0,7.85,4.01
0,7.94,3.95
0,8.05,3.87
0,8.21,3.75
0,8.39,3.58
0,8.5,3.43
0,8.58,3.35
0,8.6,3.34
0,8.61,3.32
0,8.62,3.31
0,8.62,3.3
0,8.64,3.29
0,8.65,3.3
0,8.66,3.3
0,8.66,3.31
0,8.67,3.31
1,8.14,3.88
1,8.64,3.33
1,8.7,3.3
1,8.71,3.3
1,8.72,3.3
1,8.75,3.3
1,8.79,3.29
1,8.86,3.29
1,8.97,3.28
1,9.17,3.24
1,9.48,3.13
1,9.92,2.87
1,10.28,2.57
1,10.29,2.57
1,10.29,2.57
1,10.29,2.57
1,10.29,2.57
1,10.29,2.57
1,10.29,2.57
1,10.29,2.57
1,10.29,2.57
1,10.29,2.57
1,10.29,2.57
1,10.29,2.57
1,10.29,2.57
1,10.29,2.57
1,10.29,2.57
1,10.29,2.57
1,10.29,2.57
1,10.29,2.57
1,10.29,2.57
1,10.29,2.57
1,10.29,2.56
1,10.33,2.55
1,10.39,2.56
1,10.45,2.57
1,10.48,2.57
1,10.53,2.57
1,10.58,2.57
1,10.66,2.57
1,10.75,2.57
1,10.96,3.4
1,10.92,3.86
1,10.67,4.55
1,10.55,5.0
1,10.59,5.49
1,10.7,5.97
1,10.54,6.41
1,10.49,6.88
1,10.63,7.29
1,10.75,7.85
1,10.71,8.28
1,10.62,8.57
1,10.46,9.0
1,10.34,9.54
1,10.41,10.06
1,10.45,10.62
1,10.49,10.96
1,10.54,11.32
1,10.61,11.74
1,10.75,12.17
1,10.73,11.14
1,10.7,10.16
1,10.5,9.23
1,10.63,8.29
1,10.7,7.3
1,10.67,6.33
1,10.41,5.45
1,10.35,4.49
1,10.39,4.38
1,10.4,4.38
1,10.37,4.37
1,10.31,4.37
1,10.22,4.37
1,10.13,4.36
1,9.97,4.33
1,9.71,4.26
1,9.36,4.01
1,9.08,3.43
1,9.1,3.26
1,9.24,3.22
1,8.75,3.35
1,8.58,3.38
1,8.51,3.46
1,8.43,3.57
1,8.35,3.68
1,8.26,3.77
1,8.19,3.83
1,8.12,3.89
1,8.06,3.94
1,7.99,3.98
1,7.93,4.02
1,7.87,4.05
1,7.81,4.09
1,7.75,4.12
1,7.69,4.14
1,7.62,4.17
1,7.56,4.19
1,7.52,4.2
1,7.47,4.22
1,7.41,4.23
1,7.85,4.03
1,8.34,3.68
1,8.69,3.3
1,8.7,3.3
1,8.71,3.3
1,8.73,3.3
1,8.76,3.29
1,8.81,3.29
1,8.89,3.29
1,9.03,3.27
1,9.26,3.21
1,9.62,3.06
1,10.11,2.7
1,10.29,2.57
1,10.29,2.57
1,10.29,2.57
1,10.29,2.57
1,10.29,2.57
1,10.29,2.57
1,10.29,2.57
1,10.29,3.6
1,10.17,4.52
1,9.97,5.47
1,10.12,6.38
1,10.23,6.65
1,10.39,6.66
1,10.62,6.76
1,10.94,6.92
1,11.2,7.14
1,11.36,7.46
1,11.22,7.99
1,10.91,8.79
1,10.79,9.77
1,10.78,10.76
1,10.73,11.73
1,10.88,12.56
1,11.23,13.32
1,11.36,14.3
1,11.42,15.16
1,11.4,15.65
1,11.41,14.6
1,11.42,13.6
1,11.28,12.76
1,10.98,11.96
1,10.86,10.99
1,10.78,10.04
1,10.57,9.09
1,10.57,8.09
1,10.57,7.09
1,10.33,6.31
1,10.05,5.44
1,10.0,4.47
1,9.81,4.3
1,9.45,4.1
1,9.02,3.54
1,8.97,3.28
1,9.09,3.26
1,9.23,3.22
1,9.44,3.15
1,9.78,2.91
1,9.88,2.76
1,10.07,2.58
1,10.11,2.56
1,10.12,2.56
1,10.14,2.56
1,10.15,2.56
1,10.17,2.58
1,10.18,2.59
1,10.2,2.58
1,10.22,2.58
1,10.22,2.57
1,10.23,2.57
1,10.24,2.57
1,10.24,2.57
1,10.24,2.57
1,10.24,2.57
1,10.25,2.57
1,10.25,2.57
1,10.25,2.57
1,10.25,2.57
1,9.85,2.94
1,9.27,3.24
1,8.48,3.5
1,8.21,3.82
1,8.09,3.91
1,8.0,3.98
1,7.91,4.03
1,7.82,4.08
1,7.74,4.12
1,7.66,4.15
1,7.58,4.18
1,7.53,4.2
1,7.48,4.21
1,7.44,4.22
1,7.39,4.23
1,7.36,4.24
1,7.31,4.25
1,7.25,4.26
1,7.2,4.27
1,7.17,4.27
1,7.72,4.99
1,7.87,5.35
1,7.93,5.57
1,7.93,5.82
1,7.82,6.23
1,7.72,6.77
1,7.87,7.27
1,8.03,7.99
1,8.08,8.37
1,8.02,8.81
1,8.06,9.0
1,8.16,9.18
1,8.3,9.43
1,8.48,9.81
1,8.69,10.51
1,8.78,11.31
1,8.85,11.6
1,8.96,11.9
1,9.12,12.25
1,9.29,12.66
1,9.39,12.92
1,9.47,13.21
1,9.56,13.53
1,9.61,13.87
1,9.61,14.2
1,9.61,14.5
1,9.58,14.74
1,9.49,15.02
1,9.47,15.32
1,9.51,15.65
1,9.5,15.98
1,9.4,16.33
1,9.38,16.6
1,9.47,16.82
1,9.57,17.07
1,9.66,17.33
1,9.7,17.54
1,9.69,17.74
1,9.68,17.9
1,9.68,17.97
1,9.4,17.67
1,9.06,17.28
1,8.76,17.06
1,8.47,16.95
1,7.96,16.83
1,7.39,16.69
1,7.33,16.61
1,7.31,16.56
1,7.29,16.51
1,7.26,16.48
1,7.24,16.44
1,7.2,16.39
1,7.16,16.35
1,7.09,16.31
1,7.0,16.3
1,6.85,16.34
1,6.62,16.45
1,6.28,16.7
1,5.76,16.99
1,5.53,17.13
1,5.61,17.38
1,5.65,17.5
1,5.73,17.61
1,5.82,17.75
1,5.91,17.91
1,5.97,18.06
1,6.02,18.2
1,6.04,18.33
1,6.06,18.47
1,6.07,18.61
1,6.09,18.69
1,6.11,18.75
1,6.13,18.82
1,6.16,18.89
1,6.18,18.96
1,6.21,19.02
1,6.28,19.08
1,6.36,19.14
1,6.46,19.21
1,6.56,19.29
1,6.06,18.87
1,5.98,18.76
1,5.97,18.72
1,5.97,18.71
1,5.97,18.7
1,5.97,18.69
1,5.97,18.68
1,5.97,18.67
1,5.97,18.66
1,5.97,18.65
1,5.97,18.64
1,5.97,18.63
1,5.97,18.6
1,5.96,18.55
1,5.95,18.46
1,5.92,18.3
1,5.83,18.01
1,5.61,17.59
1,5.51,17.43
1,5.4,17.33
1,5.91,17.95
1,6.14,18.79
1,6.33,19.16
1,6.48,19.39
1,6.62,19.61
1,6.71,19.93
1,6.72,20.19
1,6.73,20.35
1,6.71,20.52
1,6.69,20.69
1,6.65,20.85
1,6.64,20.91
1,6.63,20.94
1,6.62,20.97
1,6.61,21.01
1,6.59,21.04
1,6.57,21.09
1,6.56,21.16
1,6.54,21.23
1,6.5,21.3
1,6.6,20.52
1,6.67,19.64
1,6.5,18.95
1,6.26,18.63
1,6.08,18.24
1,6.0,17.74
1,5.97,17.58
1,5.96,17.48
1,5.96,17.4
1,5.95,17.35
1,5.97,17.3
1,6.0,17.23
1,6.03,17.15
1,6.06,17.04
1,6.09,16.88
1,6.15,16.68
1,6.25,16.41
1,6.42,16.07
1,6.76,15.64
1,7.04,15.19
1,6.47,15.68
1,5.62,15.92
1,5.45,15.88
1,5.4,15.86
1,5.35,15.86
1,5.3,15.87
1,5.26,15.88
1,5.22,15.88
1,5.16,15.87
1,5.11,15.85
1,5.05,15.8
1,4.98,15.71
1,4.9,15.65
1,4.86,15.67
1,4.83,15.69
1,4.81,15.71
1,4.78,15.72
1,4.74,15.72
1,4.71,15.72
1,4.68,15.72
1,4.89,15.48
1,4.91,15.27
1,4.9,15.01
1,4.89,14.75
1,4.91,14.51
1,4.98,14.21
1,5.2,13.87
1,5.48,13.5
1,5.64,13.22
1,5.73,12.89
1,5.73,12.49
1,5.8,12.25
1,5.95,12.07
1,6.09,11.88
1,6.23,11.69
1,6.36,11.45
1,6.47,11.14
1,6.5,10.74
1,6.46,10.44
1,6.35,10.09
1,5.91,10.12
1,5.45,9.93
1,4.87,9.64
1,4.71,9.66
1,4.65,9.62
1,4.61,9.58
1,4.59,9.54
1,4.57,9.49
1,4.52,9.41
1,4.4,9.29
1,4.13,9.09
1,3.49,8.8
1,3.43,8.83
1,3.41,8.87
1,3.4,8.9
1,3.39,8.94
1,3.37,8.97
1,3.36,9.0
1,3.35,9.03
1,3.33,9.07
1,3.31,9.1
1,3.29,9.14
1,3.28,9.17
1,3.26,9.19
1,3.25,9.22
1,3.23,9.25
1,3.21,9.28
1,3.18,9.32
1,3.15,9.36
1,3.13,9.39
1,3.1,9.42
1,3.07,9.46
1,3.04,9.49
1,3.0,9.54
1,2.97,9.57
1,2.94,9.59
1,2.9,9.63
1,2.85,9.67
1,2.8,9.71
1,2.79,9.73
1,2.78,9.74
1,2.78,9.75
1,2.77,9.76
1,2.77,9.77
1,2.77,9.77
1,2.77,9.78
1,2.77,9.78
1,2.76,9.79
1,2.76,9.79
1,2.76,9.8
1,2.76,9.8
1,2.76,9.81
1,2.76,9.81
1,2.75,9.81
1,2.75,9.81
1,2.75,9.82
1,2.75,9.82
1,2.75,9.82
1,2.75,9.82
1,2.75,9.82
1,3.26,9.27
1,3.44,8.92
1,3.48,8.79
1,3.51,8.69
1,3.52,8.64
1,3.52,8.61
1,3.52,8.59
1,3.53,8.58
1,3.53,8.56
1,3.53,8.55
1,3.53,8.55
1,3.53,8.55
1,3.53,8.55
1,3.53,8.54
1,3.53,8.55
1,3.53,8.55
1,3.53,8.56
1,3.53,8.55
1,3.53,8.54
1,3.54,8.52
1,4.39,8.94
1,4.88,9.16
1,5.07,9.2
1,5.29,9.23
1,5.55,9.25
1,5.84,9.24
1,6.09,9.22
1,6.32,9.23
1,6.63,9.22
1,7.1,9.14
1,7.74,9.02
1,7.99,9.08
1,8.22,9.12
1,8.48,9.12
1,8.76,9.14
1,8.98,9.2
1,9.21,9.31
1,9.51,9.48
1,9.97,9.74
1,10.22,9.95
1,10.16,10.31
1,10.16,10.64
1,10.21,11.04
1,10.26,11.53
1,10.3,11.98
1,10.4,12.16
1,10.25,12.18
1,10.13,12.22
1,9.99,12.31
1,9.87,12.42
1,9.74,12.53
1,9.6,12.67
1,9.44,12.86
1,9.26,13.16
1,9.14,13.53
1,9.12,13.82
1,9.13,14.03
1,9.16,14.3
1,9.18,14.64
1,9.14,15.02
2,12.02,23.06
2,12.13,22.23
2,12.24,21.4
2,12.07,20.48
2,11.95,19.88
2,11.71,19.49
2,11.39,18.87
2,11.07,18.04
2,11.01,17.04
2,11.05,16.6
2,11.09,16.37
2,11.12,16.23
2,11.17,16.06
2,11.23,15.79
2,11.33,15.42
2,11.3,15.16
2,11.22,14.9
2,11.21,14.59
2,11.2,14.11
2,11.19,13.68
2,11.19,13.49
2,11.25,13.39
2,11.32,13.29
2,11.42,13.2
2,11.55,13.06
2,11.69,12.88
2,11.84,12.66
2,11.97,12.39
2,12.17,12.18
2,12.37,11.93
2,12.33,11.67
2,12.27,11.31
2,12.27,10.82
2,12.31,10.39
2,12.39,10.02
2,12.56,9.53
2,12.49,9.1
2,12.46,8.56
2,12.37,8.3
2,12.22,8.08
2,12.03,7.84
2,12.2,8.74
2,12.41,9.67
2,12.22,10.6
2,12.2,11.6
2,12.15,12.52
2,11.77,13.14
2,11.63,13.89
2,11.57,14.86
2,11.21,15.62
2,11.05,16.59
2,11.05,17.59
2,10.97,18.57
2,11.14,19.24
2,11.25,19.48
2,11.31,19.78
2,11.33,20.08
2,11.3,20.39
2,11.21,20.65
2,11.07,20.98
2,10.84,21.34
2,11.21,20.48
2,11.3,19.5
2,11.04,18.65
2,10.97,17.66
2,11.11,16.89
2,11.18,16.36
2,11.32,15.66
2,11.46,14.66
2,11.54,13.82
2,11.55,13.51
2,11.49,13.25
2,11.36,12.88
2,11.03,12.14
2,10.9,11.15
2,10.83,10.2
2,10.61,9.28
2,10.61,8.3
2,10.7,7.32
2,10.56,6.47
2,10.16,5.72
2,10.33,6.59
2,10.51,7.52
2,10.51,8.52
2,10.52,9.5
2,10.79,10.32
2,10.89,11.25
2,10.8,12.07
2,10.98,12.64
2,11.33,13.5
2,11.39,14.49
2,11.53,15.13
2,11.43,15.73
2,11.32,16.73
2,10.98,17.5
2,10.85,18.47
2,11.13,19.13
2,11.52,19.9
2,11.59,20.32
2,11.54,20.53
2,11.44,20.74
2,11.52,19.71
2,11.26,18.94
2,11.05,18.01
2,11.05,17.03
2,11.28,16.33
2,11.4,15.54
2,11.34,14.6
2,11.39,13.88
2,11.44,13.44
2,11.4,13.07
2,11.23,12.71
2,11.06,12.46
2,11.08,12.48
2,11.13,12.51
2,11.22,12.55
2,11.36,12.61
2,11.59,12.67
2,11.91,12.66
2,12.22,12.48
2,12.36,12.18
2,12.15,12.92
2,11.8,13.72
2,11.67,14.69
2,11.48,15.24
2,11.41,15.72
2,11.28,16.63
2,10.97,17.37
2,10.67,18.26
2,10.77,18.88
2,10.99,19.24
2,11.34,19.59
2,11.78,20.03
2,11.95,20.23
2,12.06,20.4
2,12.12,20.57
2,12.16,20.73
2,12.16,20.89
2,12.15,21.09
2,12.14,21.32
2,12.16,21.68
2,12.15,20.67
2,12.07,19.93
2,11.77,19.56
2,11.4,18.91
2,11.15,18.0
2,11.23,17.09
2,11.35,16.41
2,11.42,15.51
2,11.35,14.58
2,11.43,13.85
2,11.48,12.85
2,11.22,12.08
2,10.94,11.19
2,10.89,10.23
2,10.56,9.38
2,10.49,8.39
2,10.49,7.39
2,10.36,6.52
2,10.01,5.7
2,9.94,4.85
2,9.99,4.66
2,9.99,4.49
2,9.93,4.45
2,9.8,4.43
2,9.57,4.38
2,9.22,4.23
2,8.72,3.87
2,8.48,3.47
2,8.5,3.43
2,8.51,3.42
2,8.51,3.41
2,8.52,3.4
2,8.52,3.39
2,8.52,3.39
2,8.52,3.39
2,8.53,3.39
2,8.53,3.39
2,8.53,3.39
2,8.53,3.39
2,8.53,3.39
2,8.6,4.48
2,8.83,5.16
2,9.21,5.58
2,9.67,6.16
2,9.97,7.06
2,9.99,8.06
2,10.15,8.97
2,10.28,9.73
2,10.59,10.51
2,10.72,11.48
2,10.87,12.26
2,11.21,12.95
2,11.3,13.68
2,11.35,14.65
2,11.41,15.28
2,11.41,15.71
2,11.48,16.57
2,11.26,17.19
2,10.93,18.05
2,10.92,19.02
2,11.22,19.39
2,11.7,19.84
2,12.08,20.4
2,12.16,20.65
2,12.16,20.86
2,12.13,21.08
2,12.11,21.36
2,12.13,21.8
2,12.26,22.09
2,12.45,22.39
2,12.55,22.5
2,12.6,22.56
2,12.64,22.58
2,12.67,22.61
2,12.69,22.63
2,12.72,22.65
2,12.74,22.66
2,12.76,22.67
2,12.78,22.68
2,12.8,22.7
2,12.82,22.71
2,12.84,22.71
2,12.86,22.72
2,12.87,22.72
2,12.88,22.72
2,12.89,22.73
2,12.89,22.74
2,12.89,22.76
2,12.88,22.77
2,12.89,22.79
2,12.88,22.8
2,12.87,22.82
2,12.86,22.85
2,12.85,22.87
2,12.84,22.9
2,12.83,22.93
2,12.82,22.97
2,12.8,23.02
2,12.77,23.08
2,12.73,23.13
2,12.69,23.19
2,12.65,23.28
2,12.58,23.41
2,12.47,23.64
2,12.35,24.06
2,12.36,24.21
2,12.38,24.24
2,12.42,24.27
2,12.47,24.31
2,12.53,24.35
2,12.58,24.37
2,12.63,24.39
2,12.68,24.42
2,12.72,24.43
2,12.76,24.44
2,12.79,24.45
2,12.81,24.46
2,12.83,24.46
2,12.84,24.47
2,12.85,24.47
2,12.86,24.48
2,12.87,24.48
2,12.87,24.48
2,12.88,24.48
2,12.91,24.51
2,12.97,24.55
2,13.02,24.57
2,13.07,24.57
2,13.1,24.56
2,13.14,24.57
2,13.16,24.57
2,13.18,24.57
2,13.19,24.56
2,13.18,24.55
2,13.17,24.54
2,13.15,24.54
2,13.13,24.53
2,13.07,24.53
2,13.01,24.53
2,12.98,24.53
2,13.08,24.14
2,13.18,23.9
2,13.31,23.65
2,13.53,23.28
2,13.67,22.93
2,13.7,22.61
2,13.68,22.46
2,13.64,22.35
2,13.6,22.25
2,13.56,22.15
2,13.52,22.05
2,13.48,21.94
2,13.44,21.81
2,13.39,21.63
2,13.3,21.37
2,13.16,20.96
2,13.08,20.59
2,13.05,20.27
2,13.05,20.0
2,13.06,19.68
2,13.07,20.7
2,13.17,21.68
2,13.17,22.68
2,13.09,23.65
2,12.99,24.4
2,12.97,24.5
2,13.06,24.54
2,13.12,24.55
2,13.15,24.57
2,13.17,24.58
2,13.17,24.58
2,13.18,24.58
2,13.18,24.57
2,13.19,24.57
2,13.19,24.56
2,13.19,24.56
2,13.18,24.55
2,13.16,24.55
2,13.12,24.56
2,13.09,24.57
2,13.08,24.57
2,13.08,24.56
2,13.05,24.55
2,13.03,24.54
2,13.0,24.53
2,12.98,24.52
2,12.97,24.51
2,12.96,24.51
2,12.95,24.51
2,12.95,24.51
2,12.94,24.51
2,12.93,24.5
2,12.93,24.5
2,12.92,24.5
2,12.92,24.5
2,12.91,24.5
2,12.91,24.5
2,12.91,24.51
2,12.91,24.51
2,12.91,24.51
2,12.91,24.51
2,12.91,24.51
2,12.91,24.52
2,12.91,24.52
2,12.9,24.52
2,12.91,24.52
2,12.92,24.52
2,12.94,24.52
2,12.94,24.51
2,12.95,24.51
2,12.96,24.51
2,12.97,24.52
2,12.97,24.52
2,12.98,24.52
2,12.98,24.52
2,12.98,24.52
2,12.98,24.51
2,12.97,24.51
2,12.97,24.51
2,12.96,24.5
2,13.34,24.27
2,13.52,24.23
2,13.63,24.23
2,13.72,24.26
2,13.81,24.31
2,13.93,24.4
2,14.09,24.5
2,14.24,24.47
2,14.43,24.39
2,14.66,24.34
2,14.95,24.35
2,15.13,24.36
2,15.27,24.38
2,15.42,24.41
2,15.57,24.45
2,15.68,24.5
2,15.78,24.47
2,15.9,24.37
2,16.08,24.24
2,16.33,24.11
2,16.36,23.38
2,16.22,22.74
2,16.09,22.1
2,16.13,21.89
2,16.23,21.61
2,16.28,21.44
2,16.32,21.35
2,16.35,21.26
2,16.39,21.17
2,16.43,21.07
2,16.5,20.94
2,16.61,20.76
2,16.81,20.47
2,16.81,20.2
2,16.8,19.92
2,16.77,19.55
2,16.75,19.13
2,16.74,18.96
2,16.77,18.82
2,16.81,18.67
2,16.84,18.56
2,16.85,18.47
2,16.84,18.38
2,16.82,18.3
2,16.8,18.2
2,16.78,18.08
2,16.75,17.91
2,16.72,17.64
2,16.68,17.39
2,16.63,17.24
2,16.58,17.13
2,16.54,17.03
2,16.52,16.93
2,16.5,16.81
2,16.49,16.7
2,16.49,16.58
2,16.52,16.43
2,16.57,16.3
2,16.66,16.17
2,16.79,16.02
2,16.18,16.36
2,15.92,16.37
2,15.63,16.39
2,15.36,16.38
2,15.0,16.36
2,14.41,16.39
2,13.81,16.54
2,13.64,16.6
2,13.51,16.59
2,13.35,16.57
2,13.2,16.56
2,13.03,16.57
2,12.86,16.59
2,12.66,16.61
2,12.38,16.65
2,12.06,16.66
2,11.8,16.65
2,11.58,16.57
2,11.19,16.46
2,10.61,16.3
2,10.83,15.91
2,11.19,15.58
2,11.5,15.22
2,11.56,15.08
2,11.6,14.94
2,11.62,14.79
2,11.66,14.62
2,11.7,14.42
2,11.74,14.15
2,11.74,13.77
2,11.63,13.5
2,11.45,13.19
2,11.17,12.74
2,11.1,12.53
2,11.09,12.37
2,11.08,12.18
2,11.06,11.93
2,11.04,11.69
2,11.0,11.52
2,10.94,11.34
2,11.11,12.31
2,11.32,13.14
2,11.64,14.0
2,11.64,14.98
2,11.63,15.98
2,11.69,16.76
2,11.77,16.94
2,11.83,17.13
2,11.91,17.35
2,11.98,17.57
2,12.02,17.85
2,12.0,18.16
2,11.95,18.35
2,11.88,18.54
2,11.78,18.78
2,11.66,19.1
2,11.54,19.49
2,11.41,19.94
2,11.47,20.17
2,11.48,20.26
2,11.48,19.23
2,11.7,18.4
2,11.91,17.46
2,11.95,16.54
2,12.04,16.07
2,12.21,15.51
2,12.39,15.32
2,12.6,15.1
2,12.95,14.7
2,13.06,14.43
2,13.07,14.31
2,13.08,14.23
2,13.08,14.13
2,13.06,14.04
2,13.05,13.95
2,13.06,13.84
2,13.04,13.64
2,12.99,13.34
2,12.97,12.92
2,13.06,12.47
